doid_id	DOID:0050156	DOID:0050425	DOID:0050741	DOID:1024	DOID:10286	DOID:1040	DOID:10608	DOID:10652	DOID:1067	DOID:10763	DOID:10871	DOID:1094	DOID:10941	DOID:1107	DOID:11476	DOID:11612	DOID:11782	DOID:11829	DOID:11949	DOID:12236	DOID:12306	DOID:12361	DOID:12365	DOID:13241	DOID:13378	DOID:13922	DOID:14221	DOID:14227	DOID:14268	DOID:14330	DOID:1459	DOID:1595	DOID:1686	DOID:1749	DOID:1826	DOID:1909	DOID:1936	DOID:2377	DOID:2468	DOID:2513	DOID:2841	DOID:289	DOID:2986	DOID:3083	DOID:3310	DOID:3312	DOID:332	DOID:3393	DOID:3459	DOID:3620	DOID:3905	DOID:3910	DOID:3963	DOID:4001	DOID:4007	DOID:418	DOID:4450	DOID:4481	DOID:4905	DOID:5082	DOID:5408	DOID:5419	DOID:5517	DOID:5844	DOID:585	DOID:6364	DOID:6713	DOID:7147	DOID:7148	DOID:769	DOID:7693	DOID:784	DOID:8398	DOID:8567	DOID:8577	DOID:8778	DOID:8893	DOID:8986	DOID:90	DOID:9008	DOID:9074	DOID:9206	DOID:9296	DOID:9352	DOID:9538	DOID:9744	DOID:9835	DOID:986	DOID:9952	DOID:9970
DOID:0050156	1.0	0.0	0.0	0.0	0.064674	0.0	0.0	0.0	0.0	0.0	0.0	0.0	0.0	0.0	0.0	0.0	0.0	0.0	0.0	0.0	0.0	0.0	0.0	0.0	0.0	0.0	0.0	0.0	0.0	0.0	0.0	0.0	0.0	0.0	0.0	0.0	0.0	0.0	0.0	0.0	0.0	0.0	0.0	0.0	0.0	0.0	0.0	0.0	0.050509	0.265161	0.190926	0.347367	0.0	0.0	0.0	0.0	0.0	0.0	0.0	0.0	0.0	0.0	0.0	0.0	0.0	0.0	0.0	0.0	0.0	0.0	0.0	0.0	0.0	0.0	0.0	0.0	0.0	0.0	0.0	0.0	0.0	0.0	0.0	0.0	0.0	0.0	0.0	0.0	0.0	0.0
DOID:0050425	0.0	1.0	0.0	0.0	0.0	0.0	0.0	0.0	0.0	0.0	0.0	0.0	0.0	0.0	0.0	0.0	0.0	0.0	0.0	0.0	0.0	0.0	0.0	0.0	0.0	0.0	0.0	0.0	0.0	0.0	0.0	0.0	0.0	0.0	0.0	0.0	0.0	0.0	0.0	0.0	0.0	0.0	0.0	0.0	0.0	0.0	0.0	0.0	0.034546	0.0	0.0	0.0	0.0	0.0	0.0	0.0	0.0	0.0	0.0	0.0	0.0	0.0	0.0	0.0	0.0	0.0	0.0	0.0	0.0	0.0	0.0	0.0	0.0	0.0	0.0	0.0	0.0	0.0	0.0	0.0	0.0	0.0	0.0	0.0	0.0	0.0	0.0	0.0	0.0	0.0
DOID:0050741	0.0	0.0	1.0	0.0	0.0	0.0	0.0	0.0	0.0	0.0	0.0	0.0	0.0	0.0	0.0	0.0	0.0	0.0	0.0	0.0	0.0	0.0	0.0	0.0	0.0	0.0	0.0	0.0	0.0	0.0	0.0	0.0	0.0	0.0	0.0	0.0	0.0	0.0	0.0	0.0	0.0	0.0	0.0	0.0	0.0	0.0	0.0	0.0	0.0	0.0	0.0	0.0	0.0	0.0	0.0	0.0	0.0	0.0	0.0	0.0	0.0	0.0	0.0	0.0	0.0	0.0	0.0	0.0	0.0	0.0	0.0	0.0	0.0	0.0	0.0	0.0	0.0	0.0	0.0	0.0	0.0	0.0	0.0	0.0	0.0	0.0	0.0	0.0	0.0	0.0
DOID:1024	0.0	0.0	0.0	1.0	0.0	0.0	0.0	0.0	0.0	0.0	0.0	0.0	0.0	0.0	0.0	0.0	0.0	0.0	0.0	0.0	0.0	0.0	0.0	0.0	0.0	0.0	0.0	0.0	0.0	0.0	0.0	0.0	0.0	0.0	0.0	0.0	0.0	0.0	0.0	0.0	0.0	0.0	0.0	0.0	0.0	0.0	0.0	0.0	0.0	0.0	0.0	0.0	0.0	0.0	0.0	0.0	0.0	0.0	0.0	0.0	0.0	0.0	0.0	0.0	0.0	0.0	0.0	0.0	0.0	0.0	0.0	0.0	0.0	0.0	0.034449	0.072436	0.0	0.0	0.0	0.0	0.0	0.0	0.0	0.0	0.0	0.0	0.0	0.0	0.0	0.0
DOID:10286	0.059039	0.0	0.0	0.0	1.0	0.032898	0.0	0.026408	0.0	0.0	0.0	0.0	0.047388	0.0	0.0	0.052367	0.0	0.025861	0.0	0.0	0.0	0.0	0.0	0.0	0.0	0.0	0.0	0.0	0.0	0.032905	0.0	0.0	0.0	0.0	0.0	0.0	0.0	0.0	0.0	0.0	0.0	0.0	0.0	0.0	0.0	0.0	0.0	0.058802	0.104107	0.099292	0.048343	0.0	0.0	0.040403	0.0	0.0	0.0	0.0	0.0	0.0	0.0	0.019161	0.0	0.0	0.0	0.0	0.0	0.0	0.0	0.0	0.0	0.038824	0.0	0.0	0.024557	0.037274	0.0	0.0	0.0	0.0	0.0	0.0	0.053271	0.049143	0.0	0.020584	0.0	0.0	0.0	0.0
DOID:1040	0.0	0.0	0.0	0.0	0.026861	1.0	0.0	0.0	0.0	0.0	0.0	0.0	0.0	0.0	0.0	0.0	0.0	0.0	0.0	0.0	0.0	0.0	0.0	0.0	0.0	0.0	0.0	0.0	0.070199	0.0	0.0	0.0	0.0	0.0	0.0	0.0	0.0	0.090681	0.0	0.0	0.097853	0.0	0.160035	0.0	0.0	0.0	0.0	0.0	0.0	0.08329	0.125491	0.0	0.0	0.0	0.080565	0.060904	0.0	0.1221	0.0	0.0	0.0	0.040408	0.0	0.0	0.0	0.0	0.0	0.0	0.080017	0.0	0.0	0.0	0.0	0.0	0.055168	0.018233	0.0	0.0	0.0	0.0	0.126385	0.0	0.0	0.0	0.100002	0.097458	0.0	0.0	0.0	0.0
DOID:10608	0.0	0.0	0.0	0.0	0.0	0.0	1.0	0.0	0.0	0.0	0.0	0.0	0.0	0.075271	0.0	0.0	0.0	0.0	0.0	0.052649	0.162218	0.056776	0.0	0.052542	0.0	0.0	0.0	0.0	0.0	0.0	0.109501	0.0	0.0	0.07972	0.0	0.0	0.0	0.300753	0.0	0.0	0.055222	0.0	0.0	0.0	0.071212	0.0	0.0	0.051931	0.0	0.0	0.0	0.0	0.0	0.0	0.0	0.0	0.0	0.066824	0.0	0.0	0.0	0.0	0.0	0.0	0.0	0.0	0.07351	0.118963	0.110807	0.0	0.0	0.074521	0.0	0.0	0.138949	0.200686	0.100273	0.0	0.0	0.0	0.043286	0.0	0.0	0.0	0.0	0.167663	0.0	0.128185	0.0	0.0
DOID:10652	0.0	0.0	0.0	0.0	0.026408	0.0	0.0	1.0	0.0	0.0	0.0	0.0	0.0	0.049879	0.0	0.0	0.0	0.0	0.0	0.0	0.0	0.0	0.0	0.0	0.0	0.0	0.096885	0.0	0.0	0.0	0.0	0.0	0.0	0.0	0.0	0.0	0.081957	0.0	0.0	0.0	0.0	0.0	0.0	0.0	0.0	0.0	0.0	0.0	0.0	0.0	0.0	0.0	0.0	0.0	0.0	0.0	0.0	0.0	0.0	0.0	0.0	0.0	0.0	0.0	0.0	0.0	0.0	0.0	0.0	0.0	0.0	0.0	0.0	0.0	0.0	0.0	0.0	0.0	0.0	0.0	0.0	0.0	0.0	0.0	0.0	0.0	0.0	0.0	0.0	0.0
DOID:1067	0.0	0.0	0.0	0.0	0.0	0.0	0.0	0.0	1.0	0.0	0.0	0.0	0.262424	0.0	0.0	0.0	0.0	0.0	0.0	0.0	0.0	0.0	0.0	0.0	0.0	0.0	0.0	0.0	0.0	0.0	0.0	0.0	0.474266	0.0	0.0	0.0	0.0	0.0	0.0	0.242124	0.0	0.0	0.0	0.0	0.0	0.0	0.0	0.083503	0.061087	0.252813	0.0	0.0	0.0	0.0	0.0	0.0	0.0	0.0	0.0	0.0	0.0	0.0	0.0	0.19057	0.0	0.0	0.14452	0.0	0.0	0.0	0.360021	0.0	0.0	0.0	0.0	0.0	0.0	0.0	0.0	0.0	0.0	0.0	0.0	0.0	0.0	0.0	0.08221	0.0	0.0	0.0
DOID:10763	0.0	0.0	0.0	0.0	0.0	0.0	0.0	0.0	0.0	1.0	0.0	0.0	0.0	0.0	0.0	0.0	0.0	0.0	0.0	0.0	0.0	0.0	0.0	0.0	0.0	0.0	0.0	0.0	0.0	0.0	0.0	0.0	0.0	0.0	0.0	0.0	0.0	0.0	0.0	0.0	0.0	0.0	0.0	0.0	0.0	0.0	0.0	0.035543	0.0	0.0	0.0	0.0	0.0	0.0	0.0	0.0	0.0	0.0	0.0	0.0	0.0	0.0	0.0	0.0	0.0	0.0	0.0	0.0	0.0	0.0	0.0	0.060753	0.0	0.0	0.0	0.0	0.0	0.0	0.0	0.0	0.0	0.0	0.0	0.0	0.0	0.0	0.0	0.0	0.0	0.0
DOID:10871	0.0	0.0	0.0	0.0	0.0	0.0	0.0	0.0	0.0	0.0	1.0	0.0	0.0	0.0	0.0	0.0	0.0	0.0	0.0	0.064574	0.0	0.0	0.0	0.0	0.0	0.0	0.246773	0.0	0.0	0.0	0.0	0.0	0.0	0.0	0.0	0.0	0.0	0.0	0.0	0.0	0.0	0.0	0.0	0.0	0.0	0.0	0.0	0.0	0.0	0.0	0.0	0.0	0.0	0.0	0.0	0.0	0.0	0.0	0.0	0.0	0.0	0.0	0.0	0.0	0.0	0.0	0.0	0.0	0.023868	0.0	0.0	0.052788	0.0	0.0	0.0	0.0	0.0	0.0	0.0	0.0	0.0	0.0	0.0	0.025244	0.0	0.0	0.0	0.0	0.0	0.0
DOID:1094	0.0	0.0	0.0	0.0	0.0	0.0	0.0	0.0	0.0	0.0	0.0	1.0	0.129618	0.0	0.0	0.0	0.0	0.0	0.0	0.0	0.0	0.0	0.0	0.0	0.0	0.0	0.0	0.0	0.0	0.0	0.0	0.966107	0.0	0.0	0.0	0.0	0.0	0.0	0.0	0.0	0.0	0.0	0.0	0.0	0.0	0.638526	0.0	0.054777	0.0	0.0	0.0	0.0	0.0	0.0	0.0	0.0	0.0	0.0	0.0	0.0	0.0	0.304495	0.0	0.0	0.0	0.0	0.0	0.0	0.0	0.0	0.0	0.0	0.142716	0.0	0.0	0.0	0.0	0.0	0.0	0.0	0.0	0.0	0.0	0.0	0.0	0.0	0.0	0.0	0.0	0.0
DOID:10941	0.0	0.0	0.0	0.0	0.062688	0.0	0.0	0.0	0.248957	0.0	0.0	0.140004	1.0	0.0	0.0	0.0	0.0	0.0	0.0	0.0	0.0	0.0	0.0	0.0	0.0	0.0	0.0	0.0	0.0	0.0	0.0	0.133869	0.280133	0.0	0.0	0.0	0.176975	0.0	0.0	0.212463	0.0	0.0	0.0	0.0	0.0	0.080486	0.0	0.189516	0.0	0.22111	0.0	0.0	0.0	0.0	0.0	0.0	0.0	0.0	0.0	0.0	0.0	0.035144	0.0	0.16994	0.0	0.0	0.130771	0.0	0.0	0.0	0.30478	0.0	0.0	0.0	0.033088	0.020485	0.0	0.0	0.0	0.0	0.0	0.0	0.0	0.0	0.0	0.0	0.0	0.0	0.0	0.0
DOID:1107	0.0	0.0	0.0	0.0	0.0	0.0	0.075271	0.049879	0.0	0.0	0.0	0.0	0.0	1.0	0.0	0.0	0.0	0.0	0.0	0.0	0.0	0.0	0.0	0.0	0.0	0.0	0.0	0.0	0.0	0.0	0.0	0.0	0.0	0.63261	0.0	0.0	0.0	0.0	0.0	0.0	0.0	0.0	0.0	0.0	0.0	0.0	0.0	0.052213	0.0	0.0	0.0	0.0	0.0	0.0	0.0	0.0	0.0	0.0	0.0	0.0	0.0	0.028241	0.21321	0.0	0.0	0.0	0.0	0.0	0.033978	0.0	0.0	0.0	0.0	0.0	0.0	0.027694	0.0	0.0	0.0	0.0	0.0	0.0	0.0	0.040255	0.0	0.056301	0.0	0.0	0.0	0.0
DOID:11476	0.0	0.0	0.0	0.0	0.0	0.0	0.0	0.0	0.0	0.0	0.0	0.0	0.0	0.0	1.0	0.0	0.0	0.0	0.0	0.0	0.0	0.0	0.0	0.0	0.0	0.0	0.0	0.0	0.0	0.0	0.0	0.0	0.0	0.0	0.0	0.0	0.0	0.0	0.0	0.0	0.0	0.0	0.0	0.0	0.0	0.0	0.0	0.0	0.0	0.0	0.0	0.0	0.0	0.0	0.0	0.0	0.0	0.0	0.0	0.0	0.0	0.019937	0.0	0.0	0.0	0.0	0.0	0.0	0.0	0.0	0.0	0.0	0.0	0.0	0.0	0.0	0.0	0.0	0.0	0.0	0.0	0.0	0.0	0.0	0.0	0.0	0.0	0.0	0.0	0.0
DOID:11612	0.0	0.0	0.0	0.0	0.052367	0.0	0.0	0.0	0.0	0.0	0.0	0.0	0.0	0.0	0.0	1.0	0.0	0.0	0.0	0.0	0.098384	0.0	0.0	0.0	0.0	0.0	0.0	0.0	0.0	0.0	0.0	0.0	0.0	0.0	0.0	0.0	0.0	0.0	0.0	0.0	0.096243	0.0	0.0	0.0	0.0	0.0	0.0	0.0	0.0	0.0	0.0	0.0	0.0	0.0	0.0	0.0	0.0	0.0	0.0	0.0	0.0	0.0	0.0	0.0	0.0	0.0	0.0	0.0	0.0	0.0	0.0	0.0	0.0	0.0	0.0	0.026293	0.110447	0.0	0.0	0.0	0.0	0.0	0.167182	0.070001	0.0	0.061076	0.0	0.204406	0.0	0.0
DOID:11782	0.0	0.0	0.0	0.0	0.0	0.0	0.0	0.0	0.0	0.0	0.0	0.0	0.0	0.0	0.0	0.0	1.0	0.0	0.0	0.0	0.0	0.0	0.0	0.0	0.0	0.0	0.0	0.0	0.0	0.0	0.0	0.0	0.0	0.0	0.0	0.0	0.0	0.0	0.0	0.0	0.0	0.0	0.0	0.0	0.0	0.0	0.0	0.0	0.0	0.0	0.0	0.0	0.0	0.0	0.0	0.0	0.0	0.0	0.0	0.0	0.0	0.0	0.0	0.0	0.0	0.0	0.0	0.0	0.0	0.0	0.0	0.0	0.0	0.0	0.0	0.0	0.0	0.0	0.0	0.0	0.0	0.0	0.0	0.0	0.0	0.0	0.0	0.0	0.0	0.0
DOID:11829	0.0	0.0	0.0	0.0	0.025861	0.0	0.0	0.0	0.0	0.0	0.0	0.0	0.0	0.0	0.0	0.0	0.0	1.0	0.0	0.0	0.038343	0.0	0.0	0.0	0.0	0.0	0.0	0.0	0.0	0.0	0.0	0.0	0.0	0.0	0.0	0.0	0.0	0.0	0.0	0.0	0.0	0.0	0.0	0.0	0.0	0.0	0.0	0.0	0.0	0.0	0.047713	0.0	0.0	0.0	0.0	0.0	0.0	0.0	0.0	0.0	0.0	0.016114	0.0	0.0	0.0	0.0	0.0	0.0	0.0	0.0	0.0	0.0	0.0	0.0	0.0	0.0	0.041395	0.0	0.0	0.0	0.0	0.0	0.0	0.0	0.0	0.0	0.0	0.0	0.0	0.0
DOID:11949	0.0	0.0	0.0	0.0	0.0	0.0	0.0	0.0	0.0	0.0	0.0	0.0	0.0	0.0	0.0	0.0	0.0	0.0	1.0	0.0	0.0	0.0	0.0	0.0	0.0	0.0	0.0	0.0	0.0	0.0	0.0	0.0	0.0	0.0	0.0	0.0	0.0	0.0	0.0	0.0	0.0	0.0	0.0	0.0	0.0	0.0	0.0	0.0	0.0	0.0	0.0	0.0	0.0	0.0	0.0	0.0	0.0	0.0	0.0	0.0	0.0	0.0	0.0	0.0	0.0	0.0	0.0	0.0	0.0	0.0	0.0	0.0	0.0	0.0	0.0	0.0	0.0	0.0	0.0	0.0	0.0	0.0	0.0	0.0	0.0	0.0	0.0	0.0	0.0	0.0
DOID:12236	0.0	0.0	0.0	0.0	0.0	0.0	0.052649	0.0	0.0	0.0	0.064574	0.0	0.0	0.0	0.0	0.0	0.0	0.0	0.0	1.0	0.05133	0.0	0.0	0.0	0.0	0.0	0.0	0.0	0.0	0.0	0.0	0.0	0.0	0.0	0.0	0.0	0.0	0.171152	0.0	0.0	0.187115	0.0	0.0	0.0	0.0	0.0	0.0	0.0	0.0	0.0	0.0	0.0	0.0	0.0	0.0	0.1636	0.0	0.171835	0.0	0.0	0.0	0.0	0.0	0.064163	0.0	0.0	0.0	0.0	0.124694	0.0	0.0	0.0	0.0	0.0	0.163206	0.078045	0.0	0.0	0.0	0.0	0.149164	0.0	0.0	0.0	0.0	0.095717	0.0	0.0	0.0	0.0
DOID:12306	0.0	0.0	0.0	0.0	0.0	0.0	0.162218	0.0	0.0	0.0	0.0	0.0	0.0	0.0	0.0	0.098384	0.0	0.038343	0.0	0.05133	1.0	0.142101	0.0	0.0	0.0	0.0	0.0	0.0	0.0	0.0	0.131026	0.0	0.0	0.0	0.0	0.123612	0.0	0.080579	0.0	0.068157	0.067575	0.0	0.0	0.0	0.0	0.0	0.0	0.056318	0.0	0.0	0.0	0.0	0.0	0.0	0.0	0.0	0.0	0.0	0.0	0.0	0.0	0.020006	0.0	0.0	0.0	0.0	0.082622	0.0	0.109352	0.0	0.0	0.083901	0.0	0.0	0.0	0.087827	0.126808	0.0	0.0	0.0	0.041277	0.0	0.0	0.0	0.0	0.291569	0.0	0.215047	0.0	0.0
DOID:12361	0.0	0.0	0.0	0.0	0.0	0.0	0.073298	0.0	0.0	0.0	0.0	0.0	0.0	0.0	0.0	0.0	0.0	0.0	0.0	0.0	0.142101	1.0	0.230201	0.0	0.0	0.0	0.0	0.0	0.0	0.0	0.0	0.0	0.0	0.0	0.0	0.0	0.0	0.0	0.0	0.0	0.0	0.0	0.0	0.0	0.0	0.0	0.0	0.06005	0.0	0.0	0.0	0.0	0.0	0.0	0.0	0.0	0.0	0.0	0.186405	0.0	0.0	0.0	0.0	0.125523	0.0	0.0	0.098762	0.0	0.060467	0.0	0.0	0.0	0.0	0.0	0.0	0.023145	0.0	0.0	0.0	0.0	0.0	0.0	0.0	0.0	0.0	0.129783	0.0	0.167503	0.0	0.0
DOID:12365	0.0	0.0	0.0	0.0	0.0	0.0	0.0	0.0	0.0	0.0	0.0	0.0	0.0	0.0	0.0	0.0	0.0	0.0	0.0	0.0	0.0	0.230201	1.0	0.0	0.0	0.0	0.0	0.0	0.0	0.0	0.0	0.0	0.0	0.0	0.0	0.0	0.0	0.0	0.0	0.0	0.0	0.0	0.0	0.0	0.0	0.0	0.0	0.070796	0.0	0.0	0.0	0.0	0.0	0.0	0.0	0.0	0.0	0.0	0.35247	0.0	0.0	0.0	0.0	0.183852	0.0	0.0	0.131617	0.0	0.0	0.0	0.0	0.0	0.0	0.0	0.0	0.0	0.0	0.0	0.0	0.0	0.0	0.0	0.0	0.0	0.0	0.0	0.0	0.0	0.0	0.0
DOID:13241	0.0	0.0	0.0	0.0	0.0	0.0	0.052542	0.0	0.0	0.0	0.0	0.0	0.0	0.0	0.0	0.0	0.0	0.0	0.0	0.0	0.0	0.0	0.0	1.0	0.0	0.0	0.0	0.0	0.0	0.0	0.0	0.0	0.0	0.0	0.0	0.0	0.0	0.0	0.0	0.0	0.0	0.0	0.0	0.0	0.0	0.0	0.0	0.0	0.0	0.0	0.0	0.0	0.0	0.0	0.0	0.0	0.0	0.0	0.0	0.0	0.0	0.0	0.0	0.0	0.0	0.0	0.0	0.166639	0.0	0.0	0.0	0.0	0.0	0.0	0.079025	0.075296	0.212301	0.0	0.0	0.0	0.0	0.0	0.0	0.0	0.0	0.052797	0.0	0.0	0.0	0.0
DOID:13378	0.0	0.0	0.0	0.0	0.0	0.0	0.0	0.0	0.0	0.0	0.0	0.0	0.0	0.0	0.0	0.0	0.0	0.0	0.0	0.0	0.0	0.0	0.0	0.0	1.0	0.0	0.0	0.0	0.0	0.0	0.0	0.0	0.0	0.0	0.0	0.0	0.0	0.038851	0.0	0.0	0.0	0.0	0.0	0.108241	0.0	0.0	0.0	0.0	0.0	0.0	0.0	0.0	0.0	0.0	0.0	0.127228	0.0	0.0	0.0	0.0	0.0	0.0	0.0	0.0	0.0	0.0	0.0	0.0	0.056615	0.0	0.0	0.0	0.0	0.0	0.028244	0.0	0.0	0.0	0.0	0.0	0.070437	0.0	0.0	0.0	0.0	0.0	0.0	0.0	0.0	0.0
DOID:13922	0.0	0.0	0.0	0.0	0.0	0.0	0.0	0.0	0.0	0.0	0.0	0.0	0.0	0.0	0.0	0.0	0.0	0.0	0.0	0.0	0.0	0.0	0.0	0.0	0.0	1.0	0.0	0.0	0.0	0.0	0.0	0.0	0.0	0.0	0.0	0.0	0.0	0.0	0.0	0.0	0.081442	0.0	0.0	0.0	0.0	0.0	0.0	0.0	0.0	0.0	0.0	0.0	0.0	0.0	0.0	0.0	0.0	0.121655	0.0	0.0	0.0	0.0	0.0	0.0	0.0	0.0	0.0	0.0	0.0	0.0	0.0	0.0	0.0	0.0	0.0	0.0	0.0	0.0	0.0	0.0	0.0	0.0	0.0	0.0	0.0	0.0	0.0	0.0	0.0	0.0
DOID:14221	0.0	0.0	0.0	0.0	0.0	0.0	0.0	0.096885	0.0	0.0	0.178847	0.0	0.0	0.0	0.0	0.0	0.0	0.0	0.0	0.0	0.0	0.0	0.0	0.0	0.0	0.0	1.0	0.0	0.0	0.0	0.0	0.0	0.0	0.0	0.0	0.0	0.09728	0.0	0.0	0.0	0.0	0.0	0.0	0.0	0.0	0.0	0.0	0.10391	0.032871	0.0	0.0	0.0	0.0	0.0	0.0	0.0	0.0	0.0	0.0	0.0	0.0	0.016977	0.0	0.0	0.0	0.0	0.0	0.0	0.0	0.0	0.0	0.06571	0.0	0.0	0.0	0.021606	0.0	0.0	0.0	0.0	0.0	0.0	0.0	0.086247	0.0	0.0	0.0	0.0	0.0	0.084409
DOID:14227	0.0	0.0	0.0	0.0	0.0	0.0	0.0	0.0	0.0	0.0	0.0	0.0	0.0	0.0	0.0	0.0	0.0	0.0	0.0	0.0	0.0	0.0	0.0	0.0	0.0	0.0	0.0	1.0	0.0	0.0	0.0	0.0	0.0	0.0	0.0	0.0	0.0	0.0	0.0	0.0	0.0	0.0	0.0	0.0	0.0	0.0	0.0	0.0	0.0	0.0	0.0	0.0	0.0	0.0	0.0	0.0	0.0	0.0	0.0	0.0	0.0	0.019937	0.0	0.0	0.0	0.0	0.0	0.0	0.0	0.0	0.0	0.0	0.0	0.0	0.0	0.0	0.0	0.0	0.0	0.0	0.0	0.0	0.0	0.0	0.0	0.0	0.0	0.0	0.0	0.0
DOID:14268	0.0	0.0	0.0	0.0	0.0	0.070199	0.0	0.0	0.0	0.0	0.0	0.0	0.0	0.0	0.0	0.0	0.0	0.0	0.0	0.0	0.0	0.0	0.0	0.0	0.0	0.0	0.0	0.0	1.0	0.0	0.0	0.0	0.0	0.0	0.0	0.0	0.0	0.0	0.0	0.0	0.0	0.0	0.0	0.0	0.0	0.0	0.0	0.0	0.0	0.0	0.0	0.0	0.0	0.0	0.0	0.0	0.0	0.0	0.0	0.0	0.0	0.024098	0.0	0.0	0.0	0.0	0.0	0.0	0.0	0.0	0.0	0.0	0.0	0.0	0.099683	0.021346	0.0	0.0	0.0	0.0	0.0	0.0	0.0	0.0	0.0	0.0	0.0	0.0	0.0	0.0
DOID:14330	0.0	0.0	0.0	0.0	0.032905	0.0	0.0	0.0	0.0	0.0	0.0	0.0	0.0	0.0	0.0	0.0	0.0	0.0	0.0	0.0	0.0	0.0	0.0	0.0	0.0	0.0	0.0	0.0	0.0	1.0	0.0	0.0	0.0	0.0	0.0	0.0	0.0	0.0	0.0	0.0	0.0	0.0	0.0	0.0	0.0	0.0	0.0	0.0	0.0	0.0	0.0	0.0	0.0	0.097211	0.0	0.0	0.0	0.0	0.0	0.0	0.0	0.0	0.0	0.0	0.0	0.0	0.0	0.0	0.0	0.0	0.0	0.060977	0.0	0.0	0.0	0.016575	0.0	0.0	0.0	0.0	0.0	0.0	0.0	0.0	0.0	0.0	0.0	0.0	0.0	0.0
DOID:1459	0.0	0.0	0.0	0.0	0.0	0.0	0.109501	0.0	0.0	0.0	0.0	0.0	0.0	0.0	0.0	0.0	0.0	0.0	0.0	0.0	0.131026	0.0	0.0	0.0	0.0	0.0	0.0	0.0	0.0	0.0	1.0	0.0	0.0	0.0	0.0	0.0	0.0	0.0	0.0	0.0	0.0	0.0	0.0	0.0	0.0	0.0	0.0	0.078319	0.044712	0.0	0.0	0.0	0.21255	0.0	0.0	0.0	0.0	0.0	0.0	0.0	0.0	0.0	0.0	0.0	0.0	0.0	0.140541	0.0	0.077463	0.0	0.0	0.144283	0.0	0.0	0.0	0.027358	0.0	0.0	0.0	0.0	0.0	0.0	0.0	0.0	0.0	0.13764	0.0	0.0	0.0	0.0
DOID:1595	0.0	0.0	0.0	0.0	0.0	0.0	0.0	0.0	0.0	0.0	0.0	0.966107	0.123939	0.0	0.0	0.0	0.0	0.0	0.0	0.0	0.0	0.0	0.0	0.0	0.0	0.0	0.0	0.0	0.0	0.0	0.0	1.0	0.0	0.0	0.0	0.0	0.0	0.0	0.114897	0.0	0.0	0.0	0.0	0.0	0.0	0.668356	0.0	0.053736	0.0	0.0	0.0	0.0	0.0	0.0	0.0	0.0	0.0	0.0	0.0	0.0	0.0	0.301277	0.0	0.0	0.0	0.0	0.0	0.0	0.0	0.0	0.0	0.0	0.135241	0.0	0.0	0.0	0.0	0.0	0.0	0.0	0.0	0.0	0.0	0.0	0.0	0.0	0.0	0.0	0.0	0.0
DOID:1686	0.0	0.0	0.0	0.0	0.0	0.0	0.0	0.0	0.474266	0.0	0.0	0.0	0.295286	0.0	0.0	0.0	0.0	0.0	0.0	0.0	0.0	0.0	0.0	0.0	0.0	0.0	0.0	0.0	0.0	0.0	0.0	0.0	1.0	0.0	0.0	0.0	0.0	0.0	0.0	0.269831	0.0	0.0	0.0	0.0	0.0	0.056841	0.0	0.086569	0.062712	0.283174	0.0	0.0	0.0	0.0	0.0	0.0	0.0	0.0	0.0	0.0	0.0	0.023765	0.0	0.207326	0.0	0.0	0.153955	0.0	0.0	0.0	0.424894	0.0	0.0	0.0	0.0	0.0	0.0	0.0	0.0	0.0	0.0	0.0	0.0	0.0	0.0	0.0	0.0	0.0	0.0	0.0
DOID:1749	0.0	0.0	0.0	0.0	0.0	0.0	0.07972	0.0	0.0	0.0	0.0	0.0	0.0	0.63261	0.0	0.0	0.0	0.0	0.0	0.0	0.0	0.0	0.0	0.0	0.0	0.0	0.0	0.0	0.0	0.0	0.0	0.0	0.0	1.0	0.0	0.0	0.0	0.0	0.0	0.0	0.0	0.0	0.0	0.0	0.0	0.0	0.0	0.054525	0.0	0.0	0.270069	0.128661	0.0	0.0	0.0	0.0	0.0	0.0	0.0	0.0	0.0	0.028904	0.401542	0.0	0.0	0.0	0.0	0.0	0.034856	0.0	0.0	0.0	0.0	0.0	0.0	0.028275	0.0	0.0	0.0	0.0	0.0	0.0	0.0	0.041616	0.0	0.058753	0.0	0.0	0.0	0.0
DOID:1826	0.0	0.0	0.0	0.0	0.0	0.0	0.0	0.0	0.0	0.0	0.0	0.0	0.0	0.0	0.0	0.0	0.0	0.0	0.0	0.0	0.0	0.0	0.0	0.0	0.0	0.0	0.0	0.0	0.0	0.0	0.0	0.0	0.0	0.0	1.0	0.0	0.0	0.0	0.0	0.0	0.0	0.0	0.0	0.0	0.0	0.0	0.0	0.0	0.0	0.0	0.0	0.0	0.0	0.127022	0.0	0.0	0.0	0.0	0.0	0.0	0.0	0.019468	0.0	0.0	0.0	0.0	0.0	0.0	0.0	0.0	0.0	0.0	0.0	0.0	0.0	0.0	0.0	0.0	0.0	0.0	0.0	0.0	0.0	0.0	0.0	0.0	0.0	0.0	0.0	0.0
DOID:1909	0.0	0.0	0.0	0.0	0.0	0.0	0.0	0.0	0.0	0.0	0.0	0.0	0.0	0.0	0.0	0.0	0.0	0.0	0.0	0.0	0.123612	0.0	0.0	0.0	0.0	0.0	0.0	0.0	0.0	0.0	0.0	0.0	0.0	0.0	0.0	1.0	0.0	0.0	0.0	0.261567	0.0	0.0	0.0	0.0	0.0	0.0	0.0	0.0	0.0	0.0	0.122792	0.179861	0.0	0.0	0.144912	0.0	0.0	0.0	0.0	0.0	0.0	0.0	0.0	0.0	0.0	0.0	0.0	0.0	0.020423	0.0	0.0	0.060258	0.0	0.0	0.0	0.0	0.0	0.0	0.0	0.0	0.0	0.0	0.0	0.0	0.0	0.0	0.0	0.0	0.0	0.0
DOID:1936	0.0	0.0	0.0	0.0	0.0	0.0	0.0	0.081957	0.0	0.0	0.0	0.0	0.176975	0.0	0.0	0.0	0.0	0.0	0.0	0.0	0.0	0.0	0.0	0.0	0.0	0.0	0.09728	0.0	0.0	0.0	0.0	0.0	0.0	0.0	0.0	0.0	1.0	0.0	0.0	0.0	0.0	0.0	0.0	0.0	0.0	0.0	0.0	0.048644	0.0	0.0	0.0	0.0	0.0	0.0	0.0	0.0	0.0	0.0	0.0	0.0	0.0	0.0	0.0	0.0	0.0	0.0	0.0	0.0	0.0	0.0	0.0	0.0	0.0	0.0	0.0	0.0	0.0	0.0	0.0	0.0	0.0	0.0	0.0	0.0	0.0	0.0	0.0	0.0	0.0	0.0
DOID:2377	0.0	0.0	0.0	0.0	0.0	0.090681	0.300753	0.0	0.0	0.0	0.0	0.0	0.0	0.0	0.0	0.0	0.0	0.0	0.0	0.171152	0.080579	0.0	0.0	0.0	0.038851	0.0	0.0	0.0	0.0	0.0	0.0	0.0	0.0	0.0	0.0	0.0	0.0	1.0	0.0	0.0	0.097102	0.0	0.077069	0.0	0.028506	0.0	0.032135	0.0	0.020007	0.0	0.068049	0.0	0.0	0.0	0.0	0.043217	0.0	0.110313	0.0	0.033665	0.0	0.031772	0.0	0.0	0.0	0.0	0.0	0.091464	0.153164	0.0	0.0	0.0	0.0	0.075956	0.178879	0.181325	0.076423	0.0	0.0	0.0	0.084826	0.0	0.0	0.01656	0.0	0.180134	0.0	0.05415	0.0	0.0
DOID:2468	0.0	0.0	0.0	0.0	0.0	0.0	0.0	0.0	0.0	0.0	0.0	0.0	0.0	0.0	0.0	0.0	0.0	0.0	0.0	0.0	0.0	0.0	0.0	0.0	0.0	0.0	0.0	0.0	0.0	0.0	0.0	0.114897	0.0	0.0	0.0	0.0	0.0	0.0	1.0	0.0	0.0	0.0	0.0	0.0	0.0	0.061456	0.0	0.0	0.0	0.0	0.0	0.0	0.0	0.0	0.0	0.0	0.0	0.0	0.0	0.0	0.0	0.0	0.0	0.0	0.0	0.0	0.0	0.0	0.0	0.0	0.0	0.0	0.0	0.0	0.0	0.0	0.0	0.0	0.0	0.0	0.0	0.0	0.0	0.0	0.0	0.0	0.0	0.0	0.0	0.0
DOID:2513	0.0	0.0	0.0	0.0	0.0	0.0	0.0	0.0	0.242124	0.0	0.0	0.0	0.223955	0.0	0.0	0.0	0.0	0.0	0.0	0.0	0.068157	0.0	0.0	0.0	0.0	0.0	0.0	0.0	0.0	0.0	0.0	0.0	0.269831	0.0	0.0	0.261567	0.0	0.0	0.0	1.0	0.0	0.0	0.0	0.0	0.0	0.0	0.0	0.079176	0.058739	0.216918	0.123064	0.180444	0.0	0.0	0.14529	0.0	0.0	0.0	0.0	0.0	0.0	0.0	0.0	0.169435	0.0	0.0	0.13203	0.0	0.0	0.0	0.291362	0.0	0.0	0.0	0.0	0.0	0.0	0.0	0.0	0.0	0.0	0.0	0.0	0.0	0.0	0.0	0.0	0.0	0.0	0.0
DOID:2841	0.0	0.0	0.0	0.0	0.0	0.195707	0.055222	0.0	0.0	0.0	0.0	0.0	0.0	0.0	0.0	0.096243	0.0	0.0	0.0	0.187115	0.067575	0.0	0.0	0.0	0.0	0.081442	0.0	0.0	0.0	0.0	0.0	0.0	0.0	0.0	0.0	0.0	0.0	0.156113	0.0	0.0	1.0	0.0	0.300605	0.0	0.161388	0.0	0.0	0.0	0.0	0.0	0.238854	0.0	0.0	0.0	0.0	0.0	0.0	0.846644	0.0	0.0	0.0	0.079517	0.0	0.0	0.0	0.0	0.0	0.0	0.104226	0.0	0.0	0.0	0.0	0.0	0.180919	0.107739	0.073055	0.0	0.0	0.0	0.162958	0.0	0.0	0.0	0.0	0.2733	0.0	0.104971	0.0	0.0
DOID:289	0.0	0.0	0.0	0.0	0.0	0.0	0.0	0.0	0.0	0.0	0.0	0.0	0.0	0.0	0.0	0.0	0.0	0.0	0.0	0.0	0.0	0.0	0.0	0.0	0.0	0.0	0.0	0.0	0.0	0.0	0.0	0.0	0.0	0.0	0.0	0.0	0.0	0.0	0.0	0.0	0.0	1.0	0.0	0.0	0.0	0.0	0.0	0.0	0.0	0.0	0.0	0.0	0.0	0.0	0.0	0.0	0.0	0.0	0.0	0.0	0.0	0.0	0.0	0.0	0.0	0.0	0.0	0.0	0.0	0.0	0.0	0.0	0.0	0.0	0.0	0.0	0.0	0.0	0.0	0.0	0.0	0.0	0.0	0.0	0.0	0.0	0.0	0.0	0.0	0.0
DOID:2986	0.0	0.0	0.0	0.0	0.0	0.160035	0.0	0.0	0.0	0.0	0.0	0.0	0.0	0.0	0.0	0.0	0.0	0.0	0.0	0.0	0.0	0.0	0.0	0.0	0.0	0.0	0.0	0.0	0.0	0.0	0.0	0.0	0.0	0.0	0.0	0.0	0.0	0.077069	0.0	0.0	0.150302	0.0	1.0	0.0	0.0	0.0	0.0	0.0	0.0	0.0	0.358278	0.0	0.0	0.0	0.0	0.0	0.0	0.216268	0.0	0.0	0.0	0.047212	0.0	0.0	0.0	0.0	0.0	0.0	0.05226	0.0	0.0	0.0	0.0	0.0	0.06868	0.024201	0.0	0.0	0.0	0.0	0.120447	0.0	0.0	0.0	0.0	0.144928	0.0	0.0	0.0	0.0
DOID:3083	0.0	0.0	0.0	0.0	0.0	0.0	0.0	0.0	0.0	0.0	0.0	0.0	0.0	0.0	0.0	0.0	0.0	0.0	0.0	0.0	0.0	0.0	0.0	0.0	0.108241	0.0	0.0	0.0	0.0	0.0	0.0	0.0	0.0	0.0	0.0	0.0	0.0	0.0	0.0	0.0	0.0	0.0	0.0	1.0	0.0	0.0	0.0	0.059512	0.0	0.0	0.126328	0.17995	0.0	0.0	0.0	0.0	0.0	0.0	0.0	0.0	0.113207	0.031601	0.0	0.0	0.0	0.0	0.097313	0.0	0.049188	0.0	0.0	0.0	0.0	0.0	0.0	0.0	0.0	0.0	0.0	0.0	0.0	0.0	0.0	0.0	0.0	0.0	0.0	0.0	0.0	0.0
DOID:3310	0.0	0.0	0.0	0.0	0.0	0.0	0.071212	0.0	0.0	0.0	0.0	0.0	0.0	0.0	0.0	0.0	0.0	0.0	0.0	0.0	0.0	0.0	0.0	0.0	0.0	0.0	0.0	0.0	0.0	0.0	0.0	0.0	0.0	0.0	0.0	0.0	0.0	0.028506	0.0	0.0	0.161388	0.0	0.0	0.0	1.0	0.0	0.0	0.0	0.0	0.0	0.0	0.0	0.0	0.0	0.0	0.0	0.0	0.216248	0.0	0.0	0.0	0.0	0.0	0.0	0.0	0.0	0.0	0.0	0.0	0.0	0.0	0.0	0.0	0.118517	0.040581	0.074133	0.070878	0.164268	0.0	0.0	0.0	0.0	0.0	0.0	0.0	0.0	0.0	0.0	0.0	0.0
DOID:3312	0.0	0.0	0.0	0.0	0.0	0.0	0.0	0.0	0.0	0.0	0.0	0.638526	0.074515	0.0	0.0	0.0	0.0	0.0	0.0	0.0	0.0	0.0	0.0	0.0	0.0	0.0	0.0	0.0	0.0	0.0	0.0	0.668356	0.065635	0.0	0.0	0.0	0.0	0.0	0.061456	0.0	0.0	0.0	0.0	0.0	0.0	1.0	0.0	0.041735	0.0	0.0	0.0	0.0	0.0	0.0	0.0	0.0	0.0	0.0	0.0	0.0	0.0	0.39443	0.0	0.0	0.050093	0.0	0.0	0.0	0.022738	0.0	0.0	0.0	0.075434	0.0	0.0	0.0	0.0	0.0	0.0	0.0	0.0	0.0	0.0	0.028006	0.0	0.0	0.0	0.0	0.0	0.0
DOID:332	0.0	0.0	0.0	0.0	0.0	0.0	0.0	0.0	0.0	0.0	0.0	0.0	0.0	0.0	0.0	0.0	0.0	0.0	0.0	0.0	0.0	0.0	0.0	0.0	0.0	0.0	0.0	0.0	0.0	0.0	0.0	0.0	0.0	0.0	0.0	0.0	0.0	0.032135	0.0	0.0	0.0	0.0	0.0	0.0	0.0	0.0	1.0	0.0	0.0	0.0	0.0	0.0	0.0	0.0	0.0	0.0	0.0	0.0	0.0	0.0	0.0	0.0	0.0	0.0	0.0	0.0	0.0	0.0	0.0	0.0	0.0	0.0	0.0	0.0	0.0	0.0	0.0	0.0	0.0	0.0	0.0	0.0	0.0	0.0	0.0	0.0	0.0	0.0	0.0	0.0
DOID:3393	0.0	0.0	0.0	0.0	0.093757	0.0	0.051931	0.0	0.083503	0.035543	0.0	0.059166	0.193685	0.052213	0.0	0.0	0.0	0.0	0.0	0.0	0.056318	0.06005	0.070796	0.0	0.0	0.0	0.067017	0.0	0.0	0.0	0.078319	0.058042	0.086569	0.054525	0.0	0.0	0.048644	0.0	0.0	0.079176	0.0	0.0	0.0	0.054326	0.0	0.045078	0.0	1.0	0.040209	0.080286	0.052026	0.060107	0.0	0.0	0.0	0.0	0.0	0.0	0.066025	0.0	0.0	0.048286	0.0	0.392209	0.0	0.051175	0.581569	0.0	0.030085	0.0	0.088671	0.058634	0.0	0.0	0.0	0.0	0.0	0.0	0.0	0.0	0.025035	0.0	0.0	0.028863	0.0	0.043228	0.0	0.0	0.0	0.0
DOID:3459	0.046108	0.069092	0.0	0.0	0.082964	0.0	0.0	0.0	0.057952	0.0	0.0	0.0	0.0	0.0	0.0	0.0	0.0	0.0	0.0	0.0	0.0	0.0	0.0	0.0	0.0	0.0	0.032871	0.0	0.0	0.0	0.044712	0.0	0.059494	0.0	0.0	0.0	0.0	0.020007	0.0	0.055724	0.0	0.0	0.0	0.0	0.0	0.0	0.0	0.038146	1.0	0.098267	0.039315	0.0	0.028753	0.052877	0.0	0.0	0.028463	0.0	0.0	0.0	0.0	0.0	0.0	0.052292	0.0	0.0	0.04788	0.0	0.020721	0.0	0.060533	0.0	0.0	0.033582	0.0	0.017994	0.0	0.0	0.0	0.0	0.0	0.0	0.0	0.052846	0.0	0.028188	0.0	0.0	0.0	0.036106
DOID:3620	0.265161	0.0	0.0	0.0	0.104294	0.08329	0.0	0.0	0.252813	0.0	0.0	0.0	0.23307	0.0	0.0	0.0	0.0	0.0	0.0	0.0	0.0	0.0	0.0	0.0	0.0	0.0	0.0	0.0	0.0	0.0	0.0	0.0	0.283174	0.0	0.0	0.0	0.0	0.0	0.0	0.216918	0.0	0.0	0.0	0.0	0.0	0.0	0.0	0.080286	0.105318	1.0	0.139035	0.326331	0.0	0.0	0.134788	0.0	0.0	0.0	0.0	0.0	0.0	0.0	0.0	0.174601	0.0	0.0	0.135146	0.0	0.0	0.0	0.30698	0.0	0.0	0.0	0.037875	0.023527	0.0	0.0	0.0	0.0	0.0	0.0	0.0	0.0	0.199741	0.0	0.0	0.0	0.0	0.0
DOID:3905	0.190926	0.0	0.0	0.0	0.052957	0.125491	0.0	0.0	0.0	0.0	0.0	0.0	0.0	0.0	0.0	0.0	0.0	0.047713	0.0	0.0	0.0	0.0	0.0	0.0	0.0	0.0	0.0	0.0	0.0	0.0	0.0	0.0	0.0	0.270069	0.0	0.122792	0.0	0.068049	0.0	0.123064	0.119427	0.0	0.358278	0.126328	0.0	0.0	0.0	0.056992	0.043067	0.139035	1.0	0.574607	0.0	0.0	0.121328	0.0	0.0	0.15763	0.0	0.0	0.0	0.074542	0.232335	0.0	0.0	0.0	0.090753	0.0	0.04795	0.0	0.0	0.0	0.0	0.0	0.061424	0.022573	0.0	0.0	0.0	0.0	0.099776	0.0	0.0	0.0	0.0	0.12515	0.0	0.0	0.0	0.0
DOID:3910	0.317102	0.0	0.0	0.0	0.0	0.0	0.0	0.0	0.0	0.0	0.0	0.0	0.0	0.0	0.0	0.0	0.0	0.0	0.0	0.0	0.0	0.0	0.0	0.0	0.0	0.0	0.0	0.0	0.0	0.0	0.0	0.0	0.0	0.128661	0.0	0.179861	0.0	0.0	0.0	0.180444	0.0	0.0	0.0	0.17995	0.0	0.0	0.0	0.065844	0.0	0.18886	0.560777	1.0	0.0	0.0	0.176737	0.0	0.0	0.0	0.0	0.0	0.0	0.033302	0.0	0.0	0.0	0.0	0.115472	0.0	0.0	0.0	0.0	0.0	0.0	0.0	0.0	0.0	0.0	0.0	0.0	0.0	0.0	0.0	0.0	0.0	0.0	0.0	0.0	0.0	0.0	0.0
DOID:3963	0.0	0.0	0.0	0.0	0.0	0.0	0.0	0.0	0.0	0.0	0.0	0.0	0.0	0.0	0.0	0.0	0.0	0.0	0.0	0.0	0.0	0.0	0.0	0.0	0.0	0.0	0.0	0.0	0.0	0.0	0.21255	0.0	0.0	0.0	0.0	0.0	0.0	0.0	0.0	0.0	0.0	0.0	0.0	0.0	0.0	0.0	0.0	0.0	0.028753	0.0	0.0	0.0	1.0	0.0	0.0	0.0	0.0	0.0	0.0	0.0	0.0	0.0	0.0	0.0	0.0	0.0	0.0	0.0	0.0	0.0	0.0	0.0	0.0	0.0	0.0	0.0	0.0	0.0	0.0	0.0	0.0	0.0	0.0	0.0	0.0	0.0	0.0	0.0	0.0	0.0
DOID:4001	0.0	0.0	0.0	0.0	0.040403	0.0	0.0	0.0	0.0	0.0	0.0	0.0	0.0	0.0	0.0	0.0	0.0	0.0	0.0	0.0	0.0	0.0	0.0	0.0	0.0	0.0	0.0	0.0	0.0	0.097211	0.0	0.0	0.0	0.0	0.15557	0.0	0.0	0.0	0.0	0.0	0.0	0.0	0.0	0.0	0.0	0.0	0.0	0.0	0.052877	0.0	0.0	0.0	0.0	1.0	0.0	0.0	0.0	0.0	0.0	0.0	0.0	0.0	0.0	0.0	0.0	0.0	0.0	0.0	0.025153	0.0	0.0	0.0	0.0	0.0	0.0	0.020326	0.0	0.0	0.0	0.0	0.0	0.0	0.0	0.033108	0.0	0.0	0.0	0.0	0.0	0.105996
DOID:4007	0.0	0.0	0.0	0.0	0.0	0.080565	0.0	0.0	0.0	0.0	0.0	0.0	0.0	0.0	0.0	0.0	0.0	0.0	0.0	0.0	0.0	0.0	0.0	0.0	0.0	0.0	0.0	0.0	0.0	0.0	0.0	0.0	0.0	0.0	0.0	0.144912	0.0	0.0	0.0	0.14529	0.0	0.0	0.0	0.0	0.0	0.0	0.0	0.0	0.0	0.134788	0.121328	0.176737	0.0	0.0	1.0	0.0	0.0	0.0	0.0	0.0	0.0	0.0	0.0	0.0	0.0	0.0	0.0	0.0	0.0	0.0	0.0	0.0	0.0	0.0	0.026376	0.0	0.0	0.0	0.0	0.0	0.0	0.0	0.0	0.0	0.184755	0.0	0.0	0.0	0.0	0.0
DOID:418	0.0	0.0	0.0	0.0	0.0	0.060904	0.0	0.0	0.0	0.0	0.0	0.0	0.0	0.0	0.0	0.0	0.0	0.0	0.0	0.1636	0.0	0.0	0.0	0.0	0.127228	0.0	0.0	0.0	0.0	0.0	0.0	0.0	0.0	0.0	0.0	0.0	0.0	0.043217	0.0	0.0	0.0	0.0	0.0	0.0	0.0	0.0	0.0	0.0	0.0	0.0	0.0	0.0	0.0	0.0	0.0	1.0	0.0	0.0	0.0	0.0	0.0	0.0	0.0	0.0	0.0	0.0	0.0	0.0	0.217631	0.0	0.0	0.0	0.0	0.0	0.078141	0.025002	0.07528	0.0	0.0	0.0	0.55249	0.0	0.0	0.039552	0.0	0.0	0.0	0.0	0.0	0.0
DOID:4450	0.0	0.0	0.0	0.0	0.0	0.0	0.0	0.0	0.0	0.0	0.0	0.0	0.0	0.0	0.0	0.0	0.0	0.0	0.0	0.0	0.0	0.0	0.0	0.0	0.0	0.0	0.0	0.0	0.0	0.0	0.0	0.0	0.0	0.0	0.0	0.0	0.0	0.0	0.0	0.0	0.0	0.0	0.0	0.0	0.0	0.0	0.0	0.0	0.028463	0.0	0.0	0.0	0.0	0.0	0.0	0.0	1.0	0.0	0.0	0.0	0.0	0.019603	0.0	0.0	0.0	0.0	0.0	0.0	0.0	0.0	0.0	0.0	0.0	0.0	0.0	0.0	0.0	0.0	0.0	0.0	0.0	0.0	0.0	0.0	0.0	0.0	0.0	0.0	0.0	0.0
DOID:4481	0.0	0.0	0.0	0.0	0.0	0.1221	0.066824	0.0	0.0	0.0	0.0	0.0	0.0	0.0	0.0	0.0	0.0	0.0	0.0	0.171835	0.0	0.0	0.0	0.0	0.0	0.121655	0.0	0.0	0.0	0.0	0.0	0.0	0.0	0.0	0.0	0.0	0.0	0.110313	0.0	0.0	0.730292	0.0	0.216268	0.0	0.216248	0.0	0.0	0.0	0.0	0.0	0.15763	0.0	0.0	0.0	0.0	0.0	0.0	1.0	0.0	0.0	0.0	0.043248	0.0	0.0	0.0	0.0	0.0	0.0	0.047446	0.0	0.0	0.0	0.0	0.0	0.142568	0.096833	0.0	0.0	0.0	0.0	0.09762	0.0	0.0	0.0	0.0	0.183438	0.0	0.0	0.0	0.0
DOID:4905	0.0	0.0	0.0	0.0	0.0	0.0	0.0	0.0	0.0	0.0	0.0	0.0	0.0	0.0	0.0	0.0	0.0	0.0	0.0	0.0	0.0	0.186405	0.35247	0.0	0.0	0.0	0.0	0.0	0.0	0.0	0.0	0.0	0.0	0.0	0.0	0.0	0.0	0.0	0.0	0.0	0.0	0.0	0.0	0.0	0.0	0.0	0.0	0.066025	0.0	0.0	0.0	0.0	0.0	0.0	0.0	0.0	0.0	0.0	1.0	0.0	0.0	0.0	0.0	0.154804	0.0	0.0	0.116031	0.0	0.0	0.0	0.0	0.0	0.0	0.0	0.0	0.0	0.0	0.0	0.0	0.0	0.0	0.0	0.0	0.0	0.0	0.0	0.0	0.0	0.0	0.0
DOID:5082	0.0	0.0	0.0	0.0	0.0	0.0	0.0	0.0	0.0	0.0	0.0	0.0	0.0	0.0	0.0	0.0	0.0	0.0	0.0	0.0	0.0	0.0	0.0	0.0	0.0	0.0	0.0	0.0	0.0	0.0	0.0	0.0	0.0	0.0	0.0	0.0	0.0	0.033665	0.0	0.0	0.0	0.0	0.0	0.0	0.0	0.0	0.0	0.0	0.0	0.0	0.0	0.0	0.0	0.0	0.0	0.0	0.0	0.0	0.0	1.0	0.0	0.0	0.0	0.0	0.0	0.0	0.0	0.0	0.0	0.0	0.0	0.0	0.0	0.0	0.0	0.0	0.0	0.0	0.0	0.0	0.0	0.0	0.0	0.0	0.0	0.0	0.0	0.0	0.0	0.0
DOID:5408	0.0	0.0	0.0	0.0	0.0	0.0	0.0	0.0	0.0	0.0	0.0	0.0	0.0	0.0	0.0	0.0	0.0	0.0	0.0	0.0	0.0	0.0	0.0	0.0	0.0	0.0	0.0	0.0	0.0	0.0	0.0	0.0	0.0	0.0	0.0	0.0	0.0	0.0	0.0	0.0	0.0	0.0	0.0	0.113207	0.0	0.0	0.0	0.0	0.0	0.0	0.0	0.0	0.0	0.0	0.0	0.0	0.0	0.0	0.0	0.0	1.0	0.0	0.0	0.0	0.0	0.0	0.0	0.0	0.0	0.0	0.0	0.0	0.0	0.0	0.0	0.0	0.0	0.0	0.0	0.0	0.0	0.0	0.0	0.0	0.0	0.0	0.0	0.0	0.0	0.0
DOID:5419	0.0	0.0	0.0	0.0	0.025348	0.040408	0.0	0.0	0.0	0.0	0.0	0.306916	0.035144	0.028241	0.019937	0.0	0.0	0.016114	0.0	0.0	0.020006	0.0	0.0	0.0	0.0	0.0	0.016977	0.019937	0.024098	0.0	0.0	0.303672	0.027442	0.028904	0.019468	0.0	0.0	0.031772	0.0	0.0	0.039758	0.0	0.047212	0.025802	0.0	0.432942	0.0	0.048286	0.0	0.0	0.068876	0.027191	0.0	0.0	0.0	0.0	0.019603	0.043248	0.0	0.0	0.0	1.0	0.0	0.0	0.0	0.0	0.0	0.0	0.052761	0.0	0.0	0.0	0.031034	0.0	0.045373	0.021444	0.0	0.0	0.0	0.0	0.037312	0.0	0.0	0.062065	0.0	0.034034	0.0	0.0	0.0	0.0
DOID:5517	0.0	0.0	0.0	0.0	0.0	0.0	0.0	0.0	0.0	0.0	0.0	0.0	0.0	0.21321	0.0	0.0	0.0	0.0	0.0	0.0	0.0	0.0	0.0	0.0	0.0	0.0	0.0	0.0	0.0	0.0	0.0	0.0	0.0	0.401542	0.0	0.0	0.0	0.0	0.0	0.0	0.0	0.0	0.0	0.0	0.0	0.0	0.0	0.0	0.0	0.0	0.232335	0.0	0.0	0.0	0.0	0.0	0.0	0.0	0.0	0.0	0.0	0.0	1.0	0.0	0.0	0.0	0.0	0.0	0.0	0.0	0.0	0.0	0.0	0.0	0.0	0.0	0.0	0.0	0.0	0.0	0.0	0.0	0.0	0.0	0.0	0.0	0.0	0.0	0.0	0.0
DOID:5844	0.0	0.0	0.0	0.0	0.0	0.0	0.0	0.0	0.19057	0.0	0.0	0.0	0.179132	0.0	0.0	0.0	0.0	0.0	0.0	0.064163	0.0	0.125523	0.183852	0.0	0.0	0.0	0.0	0.0	0.0	0.0	0.0	0.0	0.207326	0.0	0.0	0.0	0.0	0.0	0.0	0.169435	0.0	0.0	0.0	0.0	0.0	0.0	0.0	0.392209	0.055121	0.174601	0.0	0.0	0.0	0.0	0.0	0.0	0.0	0.0	0.154804	0.0	0.0	0.0	0.0	1.0	0.0	0.112325	0.466007	0.0	0.023812	0.0	0.219806	0.0	0.098049	0.0	0.0	0.0	0.0	0.0	0.0	0.0	0.0	0.0	0.0	0.0	0.0	0.0	0.0	0.0	0.0	0.0
DOID:585	0.0	0.0	0.0	0.0	0.0	0.0	0.0	0.0	0.0	0.0	0.0	0.0	0.0	0.0	0.0	0.0	0.0	0.0	0.0	0.0	0.0	0.0	0.0	0.0	0.0	0.0	0.0	0.0	0.0	0.0	0.0	0.0	0.0	0.0	0.0	0.0	0.0	0.0	0.0	0.0	0.0	0.0	0.0	0.0	0.0	0.050093	0.0	0.0	0.0	0.0	0.0	0.0	0.0	0.0	0.0	0.0	0.0	0.0	0.0	0.0	0.0	0.0	0.0	0.0	1.0	0.0	0.0	0.0	0.0	0.0	0.0	0.079548	0.0	0.0	0.0	0.0	0.0	0.0	0.0	0.0	0.0	0.0	0.0	0.0	0.0	0.0	0.0	0.0	0.0	0.0
DOID:6364	0.0	0.0	0.0	0.0	0.0	0.0	0.0	0.0	0.0	0.0	0.0	0.0	0.0	0.0	0.0	0.0	0.0	0.0	0.0	0.0	0.0	0.0	0.0	0.0	0.0	0.0	0.0	0.0	0.0	0.0	0.0	0.0	0.0	0.0	0.0	0.0	0.0	0.0	0.0	0.0	0.0	0.0	0.0	0.0	0.0	0.0	0.0	0.051175	0.0	0.0	0.0	0.0	0.0	0.0	0.0	0.0	0.0	0.0	0.0	0.0	0.0	0.0	0.0	0.112325	0.0	1.0	0.086606	0.0	0.0	0.0	0.141487	0.0	0.0	0.0	0.0	0.0	0.0	0.0	0.0	0.0	0.0	0.0	0.0	0.0	0.0	0.0	0.0	0.0	0.0	0.0
DOID:6713	0.0	0.0	0.0	0.0	0.0	0.0	0.07351	0.0	0.14452	0.0	0.0	0.0	0.137845	0.0	0.0	0.0	0.0	0.0	0.0	0.0	0.082622	0.098762	0.131617	0.0	0.0	0.0	0.0	0.0	0.0	0.0	0.140541	0.0	0.153955	0.0	0.0	0.0	0.0	0.0	0.0	0.13203	0.0	0.0	0.0	0.088834	0.0	0.0	0.0	0.569556	0.05047	0.135146	0.082846	0.105411	0.0	0.0	0.0	0.0	0.0	0.0	0.116031	0.0	0.0	0.0	0.0	0.466007	0.0	0.086606	1.0	0.0	0.03625	0.0	0.160732	0.087703	0.0	0.0	0.0	0.0	0.0	0.0	0.0	0.0	0.0	0.0	0.0	0.0	0.0	0.057207	0.0	0.0	0.0	0.0
DOID:7147	0.0	0.0	0.0	0.0	0.0	0.0	0.118963	0.0	0.0	0.0	0.0	0.0	0.0	0.0	0.0	0.0	0.0	0.0	0.0	0.0	0.0	0.0	0.0	0.333279	0.0	0.0	0.0	0.0	0.0	0.0	0.0	0.0	0.0	0.0	0.0	0.0	0.0	0.091464	0.0	0.0	0.0	0.0	0.0	0.0	0.0	0.0	0.0	0.0	0.0	0.0	0.0	0.0	0.0	0.0	0.0	0.0	0.0	0.0	0.0	0.0	0.0	0.0	0.0	0.0	0.0	0.0	0.0	1.0	0.0	0.0	0.0	0.0	0.0	0.0	0.067119	0.119628	0.282791	0.0	0.0	0.0	0.0	0.0	0.0	0.0	0.0	0.0	0.0	0.0	0.0	0.0
DOID:7148	0.0	0.0	0.0	0.0	0.0	0.080017	0.110807	0.0	0.0	0.0	0.023868	0.0	0.0	0.033978	0.0	0.0	0.0	0.0	0.0	0.124694	0.109352	0.057097	0.0	0.0	0.056615	0.0	0.0	0.0	0.0	0.0	0.077463	0.0	0.0	0.034856	0.0	0.020423	0.0	0.153164	0.0	0.0	0.060948	0.0	0.05226	0.024594	0.0	0.019692	0.0	0.030085	0.020721	0.0	0.04795	0.0	0.0	0.025153	0.0	0.217631	0.0	0.047446	0.0	0.0	0.0	0.050706	0.0	0.023812	0.0	0.0	0.03625	0.0	1.0	0.0	0.0	0.036494	0.0	0.076873	0.105653	0.175758	0.052105	0.0	0.0	0.031146	0.236475	0.0	0.0	0.050427	0.0	0.20772	0.0	0.066836	0.0	0.0
DOID:769	0.0	0.0	0.0	0.0	0.0	0.0	0.0	0.0	0.0	0.0	0.0	0.0	0.0	0.0	0.0	0.0	0.0	0.0	0.0	0.0	0.0	0.0	0.0	0.0	0.0	0.0	0.0	0.0	0.0	0.0	0.0	0.0	0.0	0.0	0.0	0.0	0.0	0.0	0.0	0.0	0.0	0.0	0.0	0.0	0.0	0.0	0.0	0.0	0.0	0.0	0.0	0.0	0.0	0.0	0.0	0.0	0.0	0.0	0.0	0.0	0.0	0.0	0.0	0.0	0.0	0.0	0.0	0.0	0.0	1.0	0.0	0.0	0.0	0.0	0.0	0.0	0.0	0.0	0.0	0.0	0.0	0.0	0.0	0.0	0.0	0.0	0.0	0.0	0.0	0.0
DOID:7693	0.0	0.0	0.0	0.0	0.0	0.0	0.0	0.0	0.360021	0.0	0.0	0.0	0.321266	0.0	0.0	0.0	0.0	0.0	0.0	0.0	0.0	0.0	0.0	0.0	0.0	0.0	0.0	0.0	0.0	0.0	0.0	0.0	0.424894	0.0	0.0	0.0	0.0	0.0	0.0	0.291362	0.0	0.0	0.0	0.0	0.0	0.0	0.0	0.088671	0.063808	0.30698	0.0	0.0	0.0	0.0	0.0	0.0	0.0	0.0	0.0	0.0	0.0	0.0	0.0	0.219806	0.0	0.141487	0.160732	0.0	0.0	0.0	1.0	0.0	0.0	0.0	0.0	0.0	0.0	0.0	0.0	0.0	0.0	0.0	0.0	0.0	0.0	0.0	0.0	0.0	0.0	0.0
DOID:784	0.0	0.0	0.0	0.0	0.027453	0.0	0.074521	0.0	0.0	0.060753	0.052788	0.0	0.0	0.0	0.0	0.0	0.0	0.0	0.0	0.0	0.083901	0.0	0.0	0.0	0.0	0.0	0.06571	0.0	0.0	0.060977	0.144283	0.0	0.0	0.0	0.0	0.060258	0.0	0.0	0.0	0.0	0.0	0.0	0.0	0.0	0.0	0.0	0.0	0.058634	0.0	0.0	0.0	0.0	0.0	0.0	0.0	0.0	0.0	0.0	0.0	0.0	0.0	0.0	0.0	0.0	0.079548	0.0	0.087703	0.0	0.036494	0.0	0.0	1.0	0.0	0.0	0.0	0.021308	0.0	0.0	0.0	0.0	0.0	0.0	0.0	0.0	0.0	0.086726	0.0	0.0	0.0	0.0
DOID:8398	0.0	0.0	0.0	0.0	0.0	0.0	0.0	0.0	0.0	0.0	0.0	0.142716	0.0	0.0	0.0	0.0	0.0	0.0	0.0	0.0	0.0	0.0	0.0	0.0	0.0	0.0	0.0	0.0	0.0	0.0	0.0	0.135241	0.0	0.0	0.0	0.0	0.0	0.0	0.0	0.0	0.0	0.0	0.0	0.0	0.0	0.075434	0.0	0.0	0.0	0.0	0.0	0.0	0.0	0.0	0.0	0.0	0.0	0.0	0.0	0.0	0.0	0.031034	0.0	0.098049	0.0	0.0	0.0	0.0	0.0	0.0	0.0	0.0	1.0	0.0	0.0	0.0	0.0	0.0	0.0	0.0	0.0	0.0	0.0	0.0	0.0	0.0	0.0	0.0	0.0	0.0
DOID:8567	0.0	0.0	0.0	0.0	0.0	0.0	0.0	0.0	0.0	0.0	0.0	0.0	0.0	0.0	0.0	0.0	0.0	0.0	0.0	0.0	0.0	0.0	0.0	0.0	0.0	0.0	0.0	0.0	0.0	0.0	0.0	0.0	0.0	0.0	0.0	0.0	0.0	0.075956	0.0	0.0	0.0	0.0	0.0	0.0	0.118517	0.0	0.0	0.0	0.033582	0.0	0.0	0.0	0.0	0.0	0.0	0.0	0.0	0.0	0.0	0.0	0.0	0.0	0.0	0.0	0.0	0.0	0.0	0.0	0.076873	0.0	0.0	0.0	0.0	1.0	0.0	0.0	0.182647	0.0	0.0	0.253861	0.0	0.0	0.0	0.0	0.0	0.0	0.0	0.0	0.0	0.0
DOID:8577	0.0	0.0	0.0	0.034449	0.024557	0.055168	0.138949	0.0	0.0	0.0	0.0	0.0	0.033088	0.0	0.0	0.0	0.0	0.0	0.0	0.166666	0.0	0.0	0.0	0.079025	0.028244	0.0	0.0	0.0	0.099683	0.0	0.0	0.0	0.0	0.0	0.0	0.0	0.0	0.178879	0.0	0.0	0.126955	0.0	0.06868	0.0	0.040581	0.0	0.0	0.0	0.0	0.037875	0.061424	0.0	0.0	0.0	0.026376	0.08187	0.0	0.142568	0.0	0.0	0.0	0.045373	0.0	0.0	0.0	0.0	0.0	0.067119	0.110598	0.0	0.0	0.0	0.0	0.0	1.0	0.280746	0.03283	0.0	0.0	0.02924	0.084594	0.0	0.0	0.019057	0.0	0.100365	0.0	0.0	0.0	0.0
DOID:8778	0.0	0.0	0.0	0.072436	0.037274	0.018233	0.200686	0.0	0.0	0.0	0.0	0.0	0.020485	0.027694	0.0	0.026293	0.0	0.0	0.0	0.078045	0.087827	0.023145	0.0	0.072446	0.0	0.0	0.043211	0.0	0.021346	0.016575	0.027358	0.0	0.0	0.028275	0.0	0.0	0.0	0.215139	0.0	0.0	0.107739	0.0	0.024201	0.0	0.093972	0.0	0.0	0.0	0.017994	0.023527	0.022573	0.0	0.0	0.020326	0.0	0.025002	0.0	0.096833	0.0	0.0	0.0	0.021444	0.0	0.0	0.0	0.0	0.0	0.114176	0.175758	0.0	0.0	0.042617	0.0	0.0	0.280343	1.0	0.104165	0.024734	0.0	0.0	0.052711	0.0	0.026519	0.090035	0.0	0.183529	0.0	0.029537	0.0	0.0
DOID:8893	0.0	0.0	0.0	0.0	0.0	0.0	0.100273	0.0	0.0	0.0	0.0	0.0	0.0	0.0	0.0	0.110447	0.0	0.041395	0.0	0.0	0.126808	0.0	0.0	0.20047	0.0	0.0	0.0	0.0	0.0	0.0	0.0	0.0	0.0	0.0	0.0	0.0	0.0	0.072164	0.0	0.0	0.073055	0.0	0.0	0.0	0.070878	0.0	0.0	0.0	0.0	0.0	0.0	0.0	0.0	0.0	0.0	0.07528	0.0	0.0	0.0	0.0	0.0	0.0	0.0	0.0	0.0	0.0	0.0	0.168624	0.052105	0.0	0.0	0.0	0.0	0.182647	0.03283	0.10163	1.0	0.0	0.0	0.308686	0.050966	0.0	0.0	0.0	0.0	0.12273	0.0	0.122099	0.0	0.0
DOID:8986	0.0	0.0	0.0	0.0	0.0	0.0	0.0	0.0	0.0	0.0	0.0	0.0	0.0	0.0	0.0	0.0	0.0	0.0	0.0	0.0	0.0	0.0	0.0	0.0	0.0	0.0	0.0	0.0	0.0	0.0	0.0	0.0	0.0	0.0	0.0	0.0	0.0	0.0	0.0	0.0	0.0	0.0	0.0	0.0	0.14226	0.0	0.0	0.0	0.0	0.0	0.0	0.0	0.0	0.0	0.0	0.0	0.0	0.0	0.0	0.0	0.0	0.0	0.0	0.0	0.0	0.0	0.0	0.0	0.0	0.0	0.0	0.0	0.0	0.0	0.0	0.02142	0.0	1.0	0.0	0.0	0.0	0.0	0.0	0.0	0.0	0.0	0.0	0.0	0.0	0.0
DOID:90	0.0	0.0	0.0	0.0	0.0	0.0	0.0	0.0	0.0	0.0	0.0	0.0	0.0	0.0	0.0	0.0	0.0	0.0	0.0	0.0	0.0	0.0	0.0	0.0	0.0	0.0	0.0	0.0	0.0	0.0	0.0	0.0	0.0	0.0	0.0	0.0	0.0	0.0	0.0	0.0	0.0	0.0	0.0	0.0	0.0	0.0	0.0	0.0	0.0	0.0	0.0	0.0	0.0	0.0	0.0	0.0	0.0	0.0	0.0	0.0	0.0	0.0	0.0	0.0	0.0	0.0	0.0	0.0	0.0	0.0	0.0	0.0	0.0	0.0	0.0	0.0	0.0	0.0	1.0	0.0	0.0	0.0	0.0	0.0	0.0	0.0	0.0	0.0	0.0	0.0
DOID:9008	0.0	0.0	0.0	0.0	0.0	0.0	0.0	0.0	0.0	0.0	0.0	0.0	0.0	0.0	0.0	0.0	0.0	0.0	0.0	0.0	0.0	0.0	0.0	0.0	0.0	0.0	0.0	0.0	0.0	0.0	0.0	0.0	0.0	0.0	0.0	0.0	0.0	0.0	0.0	0.0	0.0	0.0	0.0	0.0	0.0	0.0	0.0	0.0	0.0	0.0	0.0	0.0	0.0	0.0	0.0	0.0	0.0	0.0	0.0	0.0	0.0	0.0	0.0	0.0	0.0	0.0	0.0	0.0	0.031146	0.0	0.0	0.0	0.0	0.253861	0.02924	0.0	0.210837	0.0	0.0	1.0	0.0	0.0	0.0	0.0	0.0	0.0	0.0	0.0	0.0	0.0
DOID:9074	0.0	0.0	0.0	0.0	0.0	0.126385	0.043286	0.0	0.0	0.0	0.0	0.0	0.0	0.0	0.0	0.0	0.0	0.0	0.0	0.149164	0.041277	0.0	0.0	0.0	0.070437	0.0	0.0	0.0	0.0	0.0	0.0	0.0	0.0	0.0	0.0	0.0	0.0	0.084826	0.0	0.0	0.081479	0.0	0.120447	0.0	0.0	0.0	0.0	0.025035	0.0	0.0	0.099776	0.0	0.0	0.0	0.0	0.55249	0.0	0.09762	0.0	0.0	0.0	0.037312	0.0	0.0	0.0	0.0	0.0	0.0	0.236475	0.0	0.0	0.0	0.0	0.0	0.101771	0.052711	0.050966	0.0	0.0	0.0	1.0	0.0	0.0	0.032308	0.0	0.060593	0.0	0.0	0.0	0.0
DOID:9206	0.0	0.0	0.0	0.0	0.0	0.0	0.0	0.0	0.0	0.0	0.0	0.0	0.0	0.0	0.0	0.0	0.0	0.0	0.0	0.0	0.0	0.0	0.0	0.0	0.0	0.0	0.0	0.0	0.0	0.0	0.0	0.0	0.0	0.0	0.0	0.0	0.0	0.0	0.0	0.0	0.0	0.0	0.0	0.0	0.0	0.0	0.0	0.0	0.0	0.0	0.0	0.0	0.0	0.0	0.0	0.0	0.0	0.0	0.0	0.0	0.0	0.0	0.0	0.0	0.0	0.0	0.0	0.0	0.0	0.0	0.0	0.0	0.0	0.0	0.0	0.0	0.0	0.0	0.0	0.0	0.0	1.0	0.0	0.0	0.0	0.0	0.0	0.0	0.0	0.0
DOID:9296	0.0	0.0	0.0	0.0	0.053271	0.0	0.0	0.0	0.0	0.0	0.0	0.0	0.0	0.0	0.0	0.167182	0.0	0.0	0.0	0.0	0.0	0.0	0.0	0.0	0.0	0.0	0.0	0.0	0.0	0.0	0.0	0.0	0.0	0.0	0.0	0.0	0.0	0.0	0.0	0.0	0.0	0.0	0.0	0.0	0.0	0.0	0.0	0.0	0.0	0.0	0.0	0.0	0.0	0.0	0.0	0.0	0.0	0.0	0.0	0.0	0.0	0.0	0.0	0.0	0.0	0.0	0.0	0.0	0.0	0.0	0.0	0.0	0.0	0.0	0.0	0.026519	0.0	0.0	0.0	0.0	0.0	0.0	1.0	0.070988	0.0	0.0	0.0	0.0	0.0	0.0
DOID:9352	0.0	0.0	0.0	0.0	0.049143	0.0	0.0	0.0	0.0	0.0	0.025244	0.0	0.0	0.040255	0.0	0.070001	0.0	0.0	0.0	0.0	0.0	0.0	0.0	0.0	0.0	0.0	0.115275	0.0	0.0	0.0	0.0	0.0	0.0	0.041616	0.0	0.0	0.0	0.01656	0.0	0.0	0.0	0.0	0.0	0.0	0.0	0.024254	0.0	0.028863	0.052846	0.0	0.0	0.0	0.0	0.033108	0.0	0.039552	0.0	0.0	0.0	0.0	0.0	0.059711	0.0	0.0	0.0	0.0	0.0	0.0	0.050427	0.0	0.0	0.0	0.0	0.0	0.019057	0.104106	0.0	0.0	0.0	0.0	0.032308	0.0	0.070988	1.0	0.0	0.018096	0.0	0.0	0.0	0.089057
DOID:9538	0.0	0.0	0.0	0.0	0.0	0.100002	0.0	0.0	0.0	0.0	0.0	0.0	0.0	0.0	0.0	0.0	0.0	0.0	0.0	0.0	0.0	0.0	0.0	0.0	0.0	0.0	0.0	0.0	0.0	0.0	0.0	0.0	0.0	0.0	0.0	0.0	0.0	0.0	0.0	0.0	0.0	0.0	0.0	0.0	0.0	0.0	0.0	0.0	0.0	0.199741	0.0	0.0	0.0	0.0	0.184755	0.0	0.0	0.0	0.0	0.0	0.0	0.0	0.0	0.0	0.0	0.0	0.0	0.0	0.0	0.0	0.0	0.0	0.0	0.0	0.0	0.0	0.0	0.0	0.0	0.0	0.0	0.0	0.0	0.0	1.0	0.0	0.0	0.0	0.0	0.0
DOID:9744	0.0	0.0	0.0	0.0	0.020584	0.097458	0.167663	0.0	0.0	0.0	0.0	0.0	0.0	0.056301	0.0	0.061076	0.0	0.0	0.0	0.095717	0.291569	0.124091	0.0	0.052797	0.0	0.0	0.0	0.0	0.0	0.0	0.13764	0.0	0.0	0.058753	0.0	0.0	0.0	0.180134	0.0	0.0	0.20598	0.0	0.144928	0.0	0.0	0.0	0.0	0.043228	0.028188	0.0	0.12515	0.0	0.0	0.0	0.0	0.0	0.0	0.183438	0.0	0.0	0.0	0.034034	0.0	0.0	0.0	0.0	0.057207	0.0	0.20772	0.0	0.0	0.086726	0.0	0.0	0.100365	0.183529	0.12273	0.0	0.0	0.0	0.060593	0.0	0.0	0.018096	0.0	1.0	0.0	0.227196	0.0	0.0
DOID:9835	0.0	0.0	0.0	0.0	0.0	0.0	0.0	0.0	0.08221	0.0	0.0	0.0	0.0	0.0	0.0	0.0	0.0	0.0	0.0	0.0	0.0	0.0	0.0	0.0	0.0	0.0	0.0	0.0	0.0	0.0	0.0	0.0	0.0	0.0	0.0	0.0	0.0	0.0	0.0	0.0	0.0	0.0	0.0	0.0	0.0	0.0	0.0	0.0	0.0	0.0	0.0	0.0	0.0	0.0	0.0	0.0	0.0	0.0	0.0	0.0	0.0	0.0	0.0	0.0	0.0	0.0	0.0	0.0	0.0	0.0	0.0	0.0	0.0	0.0	0.0	0.0	0.0	0.0	0.0	0.0	0.0	0.0	0.0	0.0	0.0	0.0	1.0	0.0	0.0	0.0
DOID:986	0.0	0.0	0.0	0.0	0.0	0.0	0.146835	0.0	0.0	0.0	0.0	0.0	0.0	0.0	0.0	0.204406	0.0	0.0	0.0	0.0	0.215047	0.167503	0.0	0.0	0.0	0.0	0.0	0.0	0.0	0.0	0.0	0.0	0.0	0.0	0.0	0.0	0.0	0.05415	0.0	0.0	0.104971	0.0	0.0	0.0	0.0	0.0	0.0	0.0	0.0	0.0	0.0	0.0	0.0	0.0	0.0	0.0	0.0	0.0	0.0	0.0	0.0	0.0	0.0	0.0	0.0	0.0	0.0	0.0	0.070382	0.0	0.0	0.0	0.0	0.0	0.0	0.029537	0.122099	0.0	0.0	0.0	0.0	0.0	0.0	0.0	0.0	0.23341	0.0	1.0	0.0	0.0
DOID:9952	0.0	0.0	0.0	0.0	0.0	0.0	0.0	0.0	0.0	0.0	0.0	0.0	0.0	0.0	0.0	0.0	0.0	0.0	0.0	0.0	0.0	0.0	0.0	0.0	0.0	0.0	0.0	0.0	0.0	0.0	0.0	0.0	0.0	0.0	0.0	0.0	0.0	0.0	0.0	0.0	0.0	0.0	0.0	0.0	0.0	0.0	0.0	0.0	0.0	0.0	0.0	0.0	0.0	0.0	0.0	0.0	0.0	0.0	0.0	0.0	0.0	0.0	0.0	0.0	0.0	0.0	0.0	0.0	0.0	0.0	0.0	0.0	0.0	0.0	0.0	0.0	0.0	0.0	0.0	0.0	0.0	0.0	0.0	0.0	0.0	0.0	0.0	0.0	1.0	0.0
DOID:9970	0.0	0.0	0.0	0.0	0.0	0.0	0.0	0.0	0.0	0.0	0.0	0.0	0.0	0.0	0.0	0.0	0.0	0.0	0.0	0.0	0.0	0.0	0.0	0.0	0.0	0.0	0.084409	0.0	0.0	0.0	0.0	0.0	0.0	0.0	0.0	0.0	0.0	0.0	0.0	0.0	0.0	0.0	0.0	0.0	0.0	0.0	0.0	0.0	0.036106	0.0	0.0	0.0	0.0	0.086545	0.0	0.0	0.0	0.0	0.0	0.0	0.0	0.0	0.0	0.0	0.0	0.0	0.0	0.0	0.0	0.0	0.0	0.0	0.0	0.0	0.0	0.0	0.0	0.0	0.0	0.0	0.0	0.0	0.0	0.089057	0.0	0.0	0.0	0.0	0.0	1.0
